job_title,company,must_pass,decision,score,must_reasons,score_breakdown,risk_flags,matched_skills,url,draft_short,draft_long,draft_notes,manual_apply_checklist
SEOライター募集（業務委託・フルリモート）,株式会社Alpha,True,keep,90,業務委託条件を満たす / 希望職種（SEOライター/ディレクター）と一致 / SEO関連キーワードを確認 / 必須スキルにSEO関連項目あり,"希望職種と一致（+30） / 予算条件を満たす（+20） / リモート可（+15） / スキル一致 SEO, 記事構成（+10） / 継続性が見込める（+10） / 案件情報が明確（+5）",なし,"SEO, 記事構成",https://example.com/jobs/1,"株式会社Alpha様
SEOライター案件に応募したくご連絡いたしました。フリーランスのSEOディレクターとして、SEO記事構成作成・記事改善・競合分析・キーワード選定・ライター指示を中心に支援しています。 SEO記事構成、記事改善、競合分析、キーワード選定、ライター指示に対応可能の範囲で、案件に合わせてご提案します。","株式会社Alpha様

このたびはSEOライター案件の募集を拝見し、ご連絡いたしました。私はフリーランスのSEOディレクターとして、SEO記事構成作成・記事改善・競合分析・キーワード選定・ライター指示を中心に支援しています。

案件要件に合わせて、現状分析・改善方針の整理・実行優先度の設計を行い、必要に応じてライティング実務やディレクションまで一貫して対応可能です。不明点は事前に確認し、認識を揃えたうえで進行します。

※本ドラフトは送信前に人間確認が必要です。",送信前に人間確認が必要です。不明点は要確認とし、送信前に必ず人間が確認する,送信前に人間が応募文全体を確認する / 募集要件と応募文の整合性を最終確認する
Webライター（単発）,株式会社Beta,False,drop,0,業務委託条件を満たす / SEO関連キーワードを確認,必須条件を満たさないためスコアリング対象外,SEO関連性が低い・否定的な表現あり,なし,https://example.com/jobs/2,,,,
SEOディレクター（週2出社）,株式会社Gamma,True,keep,87,業務委託条件を満たす / 希望職種（SEOライター/ディレクター）と一致 / SEO関連キーワードを確認 / 必須スキルにSEO関連項目あり,"希望職種と一致（+30） / 予算条件を満たす（+20） / ハイブリッド勤務（+7） / スキル一致 SEO, ディレクション, GA4（+15） / 継続性が見込める（+10） / 案件情報が明確（+5）",なし,"SEO, ディレクション, GA4",https://example.com/jobs/3,"株式会社Gamma様
SEOディレクター案件に応募したくご連絡いたしました。フリーランスのSEOディレクターとして、SEO記事構成作成・記事改善・競合分析・キーワード選定・ライター指示を中心に支援しています。 SEO記事構成、記事改善、競合分析、キーワード選定、ライター指示に対応可能の範囲で、案件に合わせてご提案します。","株式会社Gamma様

このたびはSEOディレクター案件の募集を拝見し、ご連絡いたしました。私はフリーランスのSEOディレクターとして、SEO記事構成作成・記事改善・競合分析・キーワード選定・ライター指示を中心に支援しています。

案件要件に合わせて、現状分析・改善方針の整理・実行優先度の設計を行い、必要に応じてライティング実務やディレクションまで一貫して対応可能です。不明点は事前に確認し、認識を揃えたうえで進行します。

※本ドラフトは送信前に人間確認が必要です。",送信前に人間確認が必要です。不明点は要確認とし、送信前に必ず人間が確認する,送信前に人間が応募文全体を確認する / 募集要件と応募文の整合性を最終確認する
正社員マーケター募集,株式会社Delta,False,drop,0,なし,必須条件を満たさないためスコアリング対象外,業務委託ではないため除外 / SEO関連性が不足,なし,https://example.com/jobs/4,,,,
SEOライター（週3・業務委託）,株式会社Epsilon,True,hold,57,業務委託条件を満たす / 希望職種（SEOライター/ディレクター）と一致 / SEO関連キーワードを確認 / 必須スキルにSEO関連項目あり,希望職種と一致（+30） / 予算条件を満たさない（+0） / ハイブリッド勤務（+7） / スキル一致 SEO（+5） / 継続性が見込める（+10） / 案件情報が明確（+5）,なし,SEO,https://example.com/jobs/5,"【要確認】株式会社Epsilon様
SEOライター案件に応募したくご連絡いたしました。フリーランスのSEOディレクターとして、SEO記事構成作成・記事改善・競合分析・キーワード選定・ライター指示を中心に支援しています。 SEO記事構成、記事改善、競合分析、キーワード選定、ライター指示に対応可能の範囲で、案件に合わせてご提案します。","株式会社Epsilon様

このたびはSEOライター案件の募集を拝見し、ご連絡いたしました。私はフリーランスのSEOディレクターとして、SEO記事構成作成・記事改善・競合分析・キーワード選定・ライター指示を中心に支援しています。

案件要件に合わせて、現状分析・改善方針の整理・実行優先度の設計を行い、必要に応じてライティング実務やディレクションまで一貫して対応可能です。不明点は事前に確認し、認識を揃えたうえで進行します。

※本ドラフトは送信前に人間確認が必要です。",要確認: 条件精査のうえ送信可否を判断してください。,送信前に人間が応募文全体を確認する / 募集要件と応募文の整合性を最終確認する / 要確認: 単価・稼働条件が希望に合うか確認する / 要確認: keep基準未満の理由（単価・条件・SEO関連性）を確認する
